base_mean,adv_mean
0.2271012721540688,0.20010791330505856
