mean_diff,p_value
0.11270496252102587,0.0004997501249375312
