Experiment,Scaler,Fold,Model,FitSec,InferSec,TP,TN,FP,FN,ACC,PREC,REC,F1,ROC_AUC,PR_AUC
A3_drop_system,standard,1,IF,1.8073580265045166,0.07156729698181152,1375,1375,403,403,0.7733408323959505,0.7733408323959505,0.7733408323959505,0.7733408323959505,0.8531231297156472,0.8267427723644325
A3_drop_system,standard,2,IF,1.781059980392456,0.07089352607727051,1357,1356,422,421,0.7629358830146231,0.762788083192805,0.7632170978627671,0.7630025302220973,0.8366923060376734,0.7957379597547748
A3_drop_system,standard,3,IF,1.8526225090026855,0.08392524719238281,1335,1331,447,443,0.749718785151856,0.7491582491582491,0.750843644544432,0.75,0.8360107791644156,0.8021078707849925
A3_drop_system,standard,4,IF,1.7998039722442627,0.07051324844360352,1394,1394,384,384,0.7840269966254219,0.7840269966254219,0.7840269966254219,0.7840269966254217,0.8513339832802116,0.8054431891824118
A3_drop_system,standard,5,IF,1.8099803924560547,0.0719919204711914,1382,1382,396,396,0.7772778402699663,0.7772778402699663,0.7772778402699663,0.7772778402699663,0.8511658553929353,0.8107848379730642
