Experiment,Scaler,Fold,Model,FitSec,InferSec,TP,TN,FP,FN,ACC,PREC,REC,F1,ROC_AUC,PR_AUC
A4_drop_semantic,standard,1,IF,3.4813072681427,0.10462069511413574,1599,1598,180,179,0.8990438695163104,0.8988195615514334,0.8993250843644545,0.8990722518976666,0.9583808351290173,0.949174048307554
A4_drop_semantic,standard,2,IF,3.6334545612335205,0.10847806930541992,1570,1570,208,208,0.8830146231721034,0.8830146231721034,0.8830146231721034,0.8830146231721034,0.950909503859824,0.9452089767108147
A4_drop_semantic,standard,3,IF,3.514782428741455,0.10545802116394043,1573,1573,205,205,0.8847019122609674,0.8847019122609674,0.8847019122609674,0.8847019122609673,0.9524392620213811,0.9446973303257427
A4_drop_semantic,standard,4,IF,3.6300899982452393,0.11642932891845703,1566,1566,212,212,0.8807649043869517,0.8807649043869517,0.8807649043869517,0.8807649043869517,0.9553130942996582,0.9490845927851808
A4_drop_semantic,standard,5,IF,3.5612478256225586,0.10492134094238281,1587,1587,191,191,0.8925759280089989,0.8925759280089989,0.8925759280089989,0.8925759280089989,0.9600959610082486,0.9575131229456137
