Experiment,Scaler,Fold,Model,FitSec,InferSec,TP,TN,FP,FN,ACC,PREC,REC,F1,ROC_AUC,PR_AUC
A5_drop_temporal,standard,1,IF,3.5390288829803467,0.10445380210876465,1599,1598,180,179,0.8990438695163104,0.8988195615514334,0.8993250843644545,0.8990722518976666,0.9583808351290173,0.949174048307554
A5_drop_temporal,standard,2,IF,3.6276016235351562,0.10683584213256836,1570,1570,208,208,0.8830146231721034,0.8830146231721034,0.8830146231721034,0.8830146231721034,0.950909503859824,0.9452089767108147
A5_drop_temporal,standard,3,IF,3.572795867919922,0.10422921180725098,1573,1573,205,205,0.8847019122609674,0.8847019122609674,0.8847019122609674,0.8847019122609673,0.9524392620213811,0.9446973303257427
A5_drop_temporal,standard,4,IF,3.636375665664673,0.10530591011047363,1566,1566,212,212,0.8807649043869517,0.8807649043869517,0.8807649043869517,0.8807649043869517,0.9553130942996582,0.9490845927851808
A5_drop_temporal,standard,5,IF,3.607140302658081,0.10597109794616699,1587,1587,191,191,0.8925759280089989,0.8925759280089989,0.8925759280089989,0.8925759280089989,0.9600959610082486,0.9575131229456137
