Experiment,Scaler,Fold,Model,FitSec,InferSec,TP,TN,FP,FN,ACC,PREC,REC,F1,ROC_AUC,PR_AUC
A7_scaler_robust,robust,1,IF,3.4862260818481445,0.10395026206970215,1541,1541,237,237,0.8667041619797525,0.8667041619797525,0.8667041619797525,0.8667041619797525,0.9335896426894894,0.9262606840490477
A7_scaler_robust,robust,2,IF,3.6075925827026367,0.10595989227294922,1512,1512,266,266,0.8503937007874016,0.8503937007874016,0.8503937007874016,0.8503937007874016,0.9273921609067709,0.9192553955716654
A7_scaler_robust,robust,3,IF,3.548891305923462,0.1056060791015625,1512,1512,266,266,0.8503937007874016,0.8503937007874016,0.8503937007874016,0.8503937007874016,0.93146218435294,0.9239424543008842
A7_scaler_robust,robust,4,IF,3.633774995803833,0.1061391830444336,1492,1492,286,286,0.8391451068616423,0.8391451068616423,0.8391451068616423,0.8391451068616423,0.9252832077092725,0.9206136969421553
A7_scaler_robust,robust,5,IF,3.5755388736724854,0.10894536972045898,1510,1508,270,268,0.8487064116985377,0.848314606741573,0.8492688413948256,0.8487914558740866,0.9392327611185836,0.9378233151146345
