Experiment,Scaler,Fold,Model,FitSec,InferSec,TP,TN,FP,FN,ACC,PREC,REC,F1,ROC_AUC,PR_AUC
A7_scaler_minmax,minmax,1,IF,3.538635730743408,0.09895586967468262,1706,1706,72,72,0.9595050618672666,0.9595050618672666,0.9595050618672666,0.9595050618672666,0.9950570717467965,0.9942901681158579
A7_scaler_minmax,minmax,2,IF,3.626887083053589,0.09946441650390625,1719,1716,62,59,0.9659730033745781,0.9651880965749579,0.9668166479190101,0.9660016858668166,0.9955467461955333,0.9952789856913313
A7_scaler_minmax,minmax,3,IF,3.587172508239746,0.0995171070098877,1698,1694,84,80,0.953880764904387,0.9528619528619529,0.9550056242969629,0.9539325842696629,0.9939026357644551,0.9930915595646874
A7_scaler_minmax,minmax,4,IF,3.647871971130371,0.09804534912109375,1704,1702,76,74,0.9578177727784027,0.9573033707865168,0.9583802024746907,0.957841483979764,0.9948152396304792,0.994164848162338
A7_scaler_minmax,minmax,5,IF,3.581699848175049,0.09893655776977539,1701,1700,78,77,0.9564116985376828,0.9561551433389545,0.9566929133858267,0.9564239527691876,0.995796960981677,0.9955604196053058
