Decision,Percent
Allow,15.663853752451553
Step-up,56.69926408406355
Deny,27.636882163484895
